filename,Autoformer,Informer,Dlinear,LSTM,Patch_TST,RRformer,Mamba
1022500,0.082367778,0.57339564,0.620677918,-0.060909152,0.817869231,0.650036126,0.696757793
1031500,0.181392193,0.748582393,0.209696829,0.836096555,0.756798998,0.54454419,0.737727165
1047000,0.092277646,0.27837199,0.170943499,0.260763347,0.522273928,0.486733973,0.460473835
1052500,0.493314624,0.782890469,0.680653453,0.905444212,0.904939055,0.794679597,0.842350334
1054200,-0.307628393,0.555045575,0.177095473,0.475381613,0.42738235,0.478727996,0.488512874
1055000,-0.098416209,0.616943955,0.400639474,0.58076787,0.532453477,0.51330173,0.554491103
1057000,0.088984907,0.769886911,0.094378829,0.818354324,0.705064982,0.552393138,0.707179934
1073000,-0.025384307,0.504550517,0.208545804,0.367048502,0.506572157,0.547214657,0.555772692
1078000,-2.972279787,-0.520717978,-0.050991297,-1.94965744,0.689772159,0.216711342,0.037882149
1123000,-0.076591611,0.586677581,0.178749084,0.691587269,0.673804015,0.610895455,0.732016414
1134500,0.047860146,0.609939545,0.352893651,0.627393037,0.727586955,0.531612962,0.669896036
1137500,-1.923378706,-1.432702065,-0.136228442,-1.615959644,0.283358157,0.045392215,-0.756253242
1139000,-0.398937345,0.575793803,0.307049036,0.469279766,0.516247928,0.511810184,0.536575198
1139800,0.23544997,0.774019912,0.817317441,0.759952858,0.807137996,0.833833709,0.737429768
1142500,0.218777061,0.53839156,0.444047153,0.245558143,0.659223258,0.55285272,0.326147616
1144000,-0.126418829,0.637290686,0.219707787,0.58446297,0.446388364,0.538029373,0.158544183
1162500,0.369632125,0.713045716,0.419204414,0.917261668,0.842263177,0.795831218,0.787484437
1169000,-0.029787302,0.559101969,-0.001338482,0.55463025,0.437904477,0.334678948,0.49714148
1170100,-0.21462667,0.255781293,-0.068669796,-0.525677323,0.201608598,0.04872328,-0.063388228
1181000,0.140209436,0.645712525,0.08494395,0.529662371,0.464047253,0.464286685,0.456513464
1187300,-0.043172956,0.439477205,0.040875077,0.524289519,0.430691898,0.272636175,0.450983882
1195100,-0.974089503,0.749685585,0.346964836,0.565293878,0.65919134,0.734551549,0.747218102
1333000,-0.290837526,0.298917294,0.284132361,0.337883472,0.446468294,0.359671652,0.470248163
1350000,0.288414598,0.565615952,0.279867649,0.508219808,0.449530542,0.441804111,0.462940454
1350080,0.167958856,0.502221793,0.350487351,0.327519298,0.469821155,0.498160064,0.287464976
1350140,0.116674542,0.409975529,0.292762399,0.532471597,0.503850371,0.501417518,0.493082762
1365000,0.235606432,0.505569369,0.224194407,0.534310371,0.428853512,0.45771116,0.38890481
1411300,0.25659591,0.77545701,0.538216382,0.209461093,0.801596507,0.799677327,0.550948858
1413500,-0.615722418,0.603704214,0.290728629,0.561440587,0.55619064,0.437942207,0.52377376
1414500,0.237778485,0.617994159,0.423742712,0.631286085,0.571655303,0.674203098,0.571353525
1415000,-5.016980171,-0.597857356,-0.65260601,-0.83485055,0.063981295,-0.586843252,-0.635249853
1423000,0.426526904,0.808361158,0.703947276,0.741168231,0.906236999,0.825903133,0.773370415
1434025,-0.040222645,0.249859154,0.033628762,0.159873426,0.20225811,0.146936715,0.217195749
1435000,-0.012248635,0.18864131,0.015264153,0.240604699,0.056718946,0.109787703,0.267961264
1439500,0.454052329,0.76519151,0.500344843,0.605145276,0.797350258,0.767812833,0.751702368
1440000,-6.878752708,-0.561430454,-0.915611386,-1.455102682,0.449081421,-1.099816084,-0.060654044
1440400,0.197775245,0.738726646,0.237693429,0.559525013,0.58366549,0.682234913,0.529484063
1451800,-0.735658526,-0.179552913,-0.175588846,-0.129577637,0.250782013,0.222806096,0.078283787
1466500,-84.91124725,-22.59419632,-17.08218765,-195.7944946,-3.616224766,-33.91326141,-34.75852966
1484100,-26.08483505,-4.333246231,-2.264984846,-20.46692276,0.08233124,-3.677845478,-5.250371933
1487000,-18.32756042,-5.481977463,-1.900634289,-22.94309998,0.538558066,-3.90375185,-5.046135426
1491000,-11.75372314,-3.444965839,-1.363780022,-20.45302391,0.246118128,-3.55892849,-3.524695873
1510000,0.223387718,0.753564805,0.299830675,0.763566211,0.652590573,0.683970213,0.691802025
1516500,-1.665689707,0.023084939,0.010752082,-0.010942817,0.19152838,-0.076531053,-0.069823027
1518862,-13.34430695,-1.50411725,-4.44965744,-2.106628418,0.604326844,-3.555113316,-2.816268444
1532000,0.263822258,0.678905219,0.26872766,0.692815453,0.492633045,0.574354112,0.646356791
1539000,0.250660837,0.548832595,0.359370232,0.315607369,0.638148248,0.509093821,0.66088438
1542810,-3.351453781,0.31887871,-0.293572426,-0.367496133,0.412748277,-0.049944043,-0.003931999
1543000,-0.950829625,0.734333009,-0.025267601,0.747126937,0.439066529,0.425350428,0.424799919
1543500,0.497389913,0.839125782,0.506916344,0.883588351,0.844839871,0.740707546,0.799488604
1544500,0.379847109,0.727516055,0.709521472,0.735605687,0.904901966,0.770645618,0.689235538
1545600,-144.0971069,-26.31983948,-43.53814697,-26.64404488,-0.378887534,-34.85240173,-23.16683578
1547700,-14.5907917,-5.421370029,-4.111098766,-5.365588665,0.280191004,-3.613096714,-3.466782093
1548500,0.348748744,0.781844974,0.443425179,0.796273902,0.739661247,0.760937333,0.71227783
1549500,-0.510161161,0.271325827,0.130093873,0.241992533,0.347200811,0.217561245,0.06503737
1550000,0.247628629,0.639703751,0.458610117,0.772071496,0.65838027,0.701160669,0.650444299
1552000,0.394308507,0.792736113,0.549809188,0.71269387,0.722399324,0.834246024,0.746806741
1552500,-0.176735282,0.277685523,0.193540752,0.260374606,0.350940287,0.37040633,0.391680062
1557500,-0.196432829,0.38692522,0.022228062,0.400639951,0.304573178,0.242807806,0.28919071
1567500,-2.700164318,-1.74788785,-0.381675959,-4.83842659,0.146033406,-0.447739244,-1.399941921
1568000,0.022650242,0.733090281,0.211684048,0.738159597,0.602017462,0.605625063,0.654185057
1580000,-0.986422539,-1.250598192,-0.299385786,-1.157900095,0.081050038,-0.142486334,-0.485941291
1583500,-1.846315622,-0.912552118,-0.468271136,-1.711796522,0.206765592,-1.844990253,-0.695752501
1586610,-2.226199865,0.04614532,-0.071244121,-0.011475682,0.025442421,-0.032137156,-0.148936629
1591400,-5.154820919,-1.426602125,-0.37899816,-2.853758812,0.055546224,-0.832059622,-1.997657299
1594950,-0.003542781,0.331546187,0.124318659,0.246722341,0.291533589,0.169314086,0.273265779
1596500,0.301312268,0.827089623,0.50995189,0.841498867,0.862986326,0.81544137,0.714879334
1605500,-4.948754311,-1.537894964,-0.528683782,-2.061817884,0.515958101,-0.753195405,-0.912367344
1606500,-2.49148488,-0.66608274,0.371522963,-1.016181707,0.870232612,-0.166694522,-0.086120725
1632000,0.070847034,0.414779723,0.134481847,0.545130402,0.445237577,0.452152014,0.520400435
1632900,-2566.873047,-207.5288849,-476.4600525,-87.12010956,-164.4675446,-671.4540405,-197.1565399
1634500,-1.39482379,0.046994805,-0.156988025,-0.024919748,0.503739059,0.017405689,-0.276784658
1638480,-4.94796133,-1.144141674,-1.502303362,-4.670889378,0.565755099,-2.346490145,-1.809349537
1639500,-0.554773331,0.007843018,-0.28175211,-0.448840737,0.129088819,-0.079398394,-0.505206585
1644000,-3.541394234,-0.029431105,-0.448753595,-0.44087708,0.581050187,-0.108864903,-0.513739705
1664000,-39.20219421,-4.903071404,-14.98449421,-8.295396805,0.643002212,-11.29462337,-8.158837318
1666500,-0.077848792,0.2719118,0.291167974,-0.054955363,0.723815501,0.462931693,0.430059373
1667500,-11.81586552,-3.52708292,-2.971963406,-3.488629818,0.700021505,-1.604436398,-2.588334322
1669000,-1.400327921,0.478631139,-0.083455682,-0.249235392,0.712168396,0.539452195,0.257743657
1669520,-0.279218793,0.522470117,0.629081011,-0.977672219,0.946153898,0.409464538,0.394064546
2011400,-161.8621063,-36.67219162,-73.71458435,-45.99172211,0.124037385,-75.65366364,-46.81785965
2013000,-0.044825196,0.476327837,0.30946368,0.142320395,0.623839408,0.58662641,0.536596864
2014000,-0.935997009,0.47318393,0.197059512,-0.342223048,0.718259037,0.323368073,0.342112601
2015700,-2.198642492,0.013371944,-0.170666575,-2.032416344,0.35129714,-0.056718469,-1.266781569
2016000,-0.032148123,0.652326882,0.180649459,0.621961653,0.618521869,0.628560245,0.735818923
2017500,-5.881135464,-1.514684677,-2.346366644,-7.082245827,0.364333034,-3.277674675,-1.421951532
2018000,-71.0663147,-16.05160141,-15.3254261,-32.60870361,0.093445599,-18.57946968,-13.07616997
2027000,0.204324126,0.490697026,0.163965702,0.522980571,0.299391448,0.444197237,0.270651221
2027500,-0.607084274,-0.13881731,0.482733011,-0.466915488,0.76688844,0.375476539,0.216519117
2028500,0.055233538,0.321261287,0.047398269,0.293036699,0.266554356,0.17856437,0.262890458
2038850,-5.755937576,-2.719448328,-2.233758688,-2.157748699,0.416988373,-2.590895414,-2.086350918
2046000,-25.36128998,-3.894282341,-7.596735001,-24.46113396,0.842920855,-6.690398216,-5.996766567
2051500,-9.596899986,-1.120707512,-3.830153465,-7.734210014,0.708867759,-2.423220158,-1.847903967
2053200,0.725974321,0.567237467,0.766988441,0.751264259,0.976532258,0.757527545,0.921233766
2053800,-12.09792233,-3.784356117,-2.74605608,-3.119406223,0.380595982,-2.295995951,-1.577935457
2055100,-1.366820335,-0.006169915,-0.040274858,-0.607355237,0.154633045,-1.339872837,-0.885870457
2056900,-6.948239803,-3.148335457,-2.207965374,-3.476799965,0.482131302,-1.777871132,-2.064459085
2059500,-3.225902557,-1.377857447,-0.069508076,-2.804075003,0.469016433,-1.599928141,-0.585946679
2064000,-0.530441046,0.426553011,0.010594189,0.2683599,0.43639791,0.356344819,0.463795722
2065500,-9.026828766,-2.683912754,-2.227653027,-4.001716614,0.669043362,-3.538906574,-2.352488518
2069700,-0.940542936,-0.549809694,-0.004513264,-1.303052425,0.013115048,-0.286591291,0.059137642
2070000,-1.562117815,-0.368032336,-0.140117884,-0.473418474,0.215579212,-0.291187406,-0.224495649
2074500,-0.054489017,0.459292173,-0.107116461,0.586571157,0.204995453,0.290978014,0.417102218
2077200,0.098903239,0.802695915,0.01892674,0.737065792,0.447115242,0.62127322,0.632335186
2081500,0.156745017,0.660430163,0.050873399,0.670527905,0.616685122,0.572295278,0.70441848
2082950,-20.29867363,-3.439015388,-11.6574049,-8.344445229,0.432161927,-17.00065804,-4.777603149
2092500,-3.794667721,-0.017280579,-0.397012591,-3.460399628,0.966809675,-0.993615866,-0.670799136
2096846,0.006277561,0.581085235,0.056628227,0.41698724,0.357514262,0.347837746,0.511229634
2102908,-0.677353978,0.214742899,0.172112465,-0.704318047,0.589840055,0.136073649,0.348095536
2108000,-4.053977489,-0.148602009,-0.047204256,-1.480669737,0.489357173,-0.488773346,-0.142765045
2111180,0.395655334,0.670192838,0.12529242,0.588155806,0.475063741,0.55431211,0.174490511
2111500,-2.186386347,-0.809222102,-0.070103884,-3.157624722,0.19816941,-0.359130383,-1.025111675
2118500,-0.270457506,0.385169446,0.27545774,0.566503525,0.724972725,0.613047808,0.335704863
2128000,-0.301594853,0.247123957,-0.148081422,0.12661159,0.311633348,0.37809062,-0.255797744
2137727,0.076828539,0.609850258,0.222740769,0.638160735,0.556162745,0.59624657,0.63011387
2140991,-0.178950071,0.525764674,0.24752754,0.41619879,0.413384676,0.273888528,0.55924651
2143000,-1.50099349,-0.640351772,-0.619879603,-0.83980453,-0.171355844,-2.308891296,-0.424898028
2143040,-0.140537977,-0.061323047,-0.041058421,-0.341367722,0.126937807,0.151965439,0.041205645
2149000,-1.76031065,-0.558904767,-0.044498563,-1.727376699,0.220864117,-0.170570374,-0.401540041
2152100,-0.507444859,-0.808398366,-0.018937707,-1.517134905,0.205109179,0.106871426,-0.30030477
2177000,0.006820858,0.570301175,0.125035942,0.236498952,0.486328423,0.652347207,0.601617843
2178400,-0.185854793,0.231457889,0.120488226,-0.129183173,0.275481045,0.064497173,-0.120486617
2193340,-0.910186887,-5.501289845,-0.315648913,-2.5709548,0.041922629,-1.053019285,-3.597673893
2196000,-1.954074621,0.027142048,-0.887269258,-0.591690421,0.306500614,-0.998859525,-0.237896204
2198100,-6.018143177,-0.602326751,-2.399474382,-3.977817059,0.519344479,-7.894777298,-1.509292841
2202600,-25.22607422,-33.0402565,-4.228085041,-125.9118042,0.855044305,-56.81060028,-5.553202152
2212600,-0.264945626,0.601610839,0.147951901,0.78356114,0.54824394,0.58413437,-0.827795625
2215100,-7.230084419,-5.201753139,-3.988426208,-12.5098381,0.664157897,-6.510240555,-1.677687645
2216180,-0.057388186,0.570238948,0.220765412,-0.065904737,0.640773952,0.494478405,0.587220728
2221525,-13.38160801,-7.707386017,-6.158699512,-26.57406425,0.841811925,-7.508674622,-4.187315464
2231000,0.640767038,0.754291803,0.671945781,0.688222796,0.926891312,0.742648035,0.81364581
2245500,-1.655563831,-0.249432206,-0.190056443,-1.383760452,0.470280468,-1.845104456,0.211873651
2246000,0.184240937,0.660676062,0.486067414,0.316959262,0.826455176,0.20146662,0.670349896
2296500,-7.399490356,-0.662343979,-2.694114447,-1.606925249,0.929846682,-2.650275946,-1.319745779
2297155,0.178632438,0.5189372,0.391731024,0.245895386,0.854391485,0.108767748,0.639573514
2297310,0.194104016,0.434398592,0.466637611,-0.128284454,0.809429541,0.065336347,0.658646077
2298123,0.0779773,0.583275616,0.743005693,-0.051301599,0.927710742,-0.057855487,0.689630091
2298608,0.355548441,0.469831944,0.460752726,0.686257929,0.882117003,0.515562147,0.742176652
2299950,-0.184506059,0.755329087,0.339176416,0.660007715,0.727208138,0.394297183,0.691720843
2300700,0.085015655,0.574156344,0.441176891,0.211630881,0.510322988,0.235452354,0.439771354
2349900,-19.17779732,-5.470817089,-15.78028488,-33.82620621,0.326974452,-21.36847687,-7.445861816
2350900,-17.89047432,-6.708148003,-9.541560173,-14.78442764,0.957674053,-17.1961689,-5.478396416
2361000,0.396907985,-0.525852799,0.563717365,-4.091292381,0.838723645,0.586821914,0.758668602
2363000,0.352060378,0.159237444,0.571504831,-0.153387785,0.91740831,0.627503932,0.492126584
2369800,0.206557572,0.839278445,0.167812586,0.85227707,0.613718867,0.765802711,0.718914211
2371500,0.587189049,-0.444788218,0.692471623,-1.304878712,0.956574656,0.466973603,0.461865962
2372250,0.372333229,-0.161891103,0.577833712,-1.116302967,0.93212267,0.426142037,0.686740905
2374500,0.195076644,0.896327816,0.235308349,0.77396965,0.743474245,0.92866721,0.76744099
2381600,-1.685459614,-0.969317079,-0.149106026,-6.267399311,0.164856553,-1.462654829,-1.380355358
2384540,-1.499069452,-0.252743721,-0.030363917,-0.838854313,0.276962996,-0.025585175,-0.238317609
2395120,-0.572402239,-0.240977645,0.140811443,-1.449309349,0.341171622,-0.090568662,-0.34910202
2415000,0.195384145,0.66664499,-0.077474356,0.724856496,0.347326636,0.579052389,0.746347249
2427250,0.35726279,0.910092823,0.219685614,0.821648329,0.743531734,0.803855121,0.726476073
2430085,-0.197385311,0.17461741,0.171772957,-0.199427843,0.191910625,0.008818567,0.072981596
2450250,0.151410699,0.561454296,0.055707455,0.612126082,0.506166428,0.440884173,0.519413352
2464000,0.230453968,0.466400385,0.150729537,0.497883379,0.614023119,0.657938093,0.670692712
2465493,-0.011207581,0.412615538,0.288896322,-0.399944186,0.659623027,0.657462895,-0.358770609
2469800,0.257550716,0.748112351,0.333488464,0.718390733,0.852792367,0.754196241,0.798854381
2472000,0.202166796,0.935663491,0.501085252,0.612617224,0.910902433,0.874991044,0.892092407
2472500,0.153919816,0.758110732,0.378892422,0.256220996,0.834814116,0.671254992,0.698892921
2479155,0.090506554,0.549402356,0.138248205,0.566933632,0.622225583,0.563817382,0.674143791
2479300,-0.47015655,0.532137394,0.379250526,-1.075300455,0.853113249,0.373778164,0.183368504
2479560,0.132978916,0.228423655,0.357358277,-0.233721972,0.845477313,0.724375576,0.863854632
2481000,0.022053242,0.635736585,0.221135259,0.605463177,0.591070354,0.599715799,0.574025393
2481510,-0.244220138,0.250233173,0.213863373,0.228586316,0.615091622,0.613915771,0.575933307
3010655,0.279465675,0.562357306,0.338641346,0.609488577,0.538617998,0.504759073,0.495717049
3011800,0.225743413,0.522037208,0.244667053,0.629909664,0.543686122,0.589605421,0.564409584
3015500,0.008638144,0.855007619,0.281393528,0.833427086,0.766237706,0.701601535,0.79074353
3021350,0.187108994,0.353582144,0.124222338,0.51449129,0.493991971,0.410324454,0.490331769
3026500,-0.064090133,0.378573596,0.144524574,0.42760247,0.35944736,0.363515615,0.412528396
3028000,0.143986344,0.51931861,0.315246522,0.654928088,0.530132562,0.611190081,0.570271581
3049000,-0.052280664,0.739342541,0.306852043,0.748964936,0.646314114,0.704229087,0.677643567
3049800,-0.350157738,0.20724386,0.046292663,0.183684945,0.213735223,0.192487657,0.177191317
3050000,0.046361804,0.596633732,0.277260721,0.795055285,0.707580626,0.57020694,0.695966989
3069500,0.375727952,0.755858228,0.474667728,0.826542675,0.795492172,0.732826442,0.79046157
3070500,0.405648291,0.780715793,0.29892838,0.822495282,0.727986962,0.777774021,0.798582152
3076600,-7.492082596,-1.190476418,-1.370383263,-0.75134027,0.495811284,-2.221993685,-0.929376602
3078000,0.327843368,0.657984018,0.469868422,0.672500372,0.685735792,0.683427691,0.669040978
3140000,-14.5012064,-1.289018631,-2.532740593,-0.945907474,-0.748532891,-3.9843297,-1.138093948
3144000,0.29226917,0.53051874,0.291401923,0.559974074,0.510913283,0.400103211,0.543186486
3170000,-2.381874561,-1.132111788,-0.478207231,-0.497527719,0.482122481,0.081739306,0.162073731
3173000,-60.16954422,-11.09303761,-13.04207325,-16.44515038,0.437745929,-11.9000082,-6.346604824
3180500,0.57550627,0.849311158,0.713568985,0.851721406,0.844128907,0.829058886,0.788297206
3182500,0.239737451,0.745870054,0.227481425,0.792079404,0.769567534,0.59732011,0.746129751
3186500,-14.77479839,-2.23221612,-5.249961376,-0.917884946,0.177488208,-3.438140869,-2.133961439
3237280,-0.675394654,0.103452861,-0.226709247,0.032860637,-0.119152188,-0.56530869,0.060434818
3237500,-0.240846395,0.428461254,-0.063519955,0.379722536,0.297464073,0.274783075,0.409796298
3241500,-0.146372318,0.817124069,0.333192408,0.668840617,0.691977918,0.720572412,0.644576371
3280700,-0.883301854,0.60684818,-0.134982347,0.480270028,0.396342993,0.410730243,0.28059727
3281500,0.30371052,0.806891382,0.345523059,0.840664417,0.787870646,0.726611972,0.684423596
3285000,0.018953562,0.3494609,-0.094384551,0.365128875,0.176146626,0.230693698,0.252257347
3291780,-0.343573451,0.075642705,-0.176329017,0.016881049,-0.02159071,-0.116107225,0.042102516
3338780,0.298976183,0.794740215,0.371545911,0.865015045,0.839529902,0.603725106,0.717484921
3340800,-1.188679934,0.14049238,-0.081099391,-0.440803528,0.779125109,-0.190518975,-0.366944075
3346000,0.062402427,0.801307991,0.316502392,0.025958359,0.799567685,0.530712962,0.6831837
3364500,-14.59937382,-1.482886791,-3.412202358,-20.0730896,0.750479445,-7.829799652,-5.014408112
3366500,-0.501769185,0.598919302,0.067756236,-0.071470737,0.633388817,0.529165834,0.513919383
3368000,-0.437662005,0.046852469,-0.205634117,-0.026638985,-0.123731971,-0.363932848,0.007904232
3384450,-0.714678764,0.135714591,0.058106542,0.083623409,0.214727283,0.126307309,-0.030959964
3439000,0.172842324,0.72099334,0.00547874,0.444668949,0.24399823,0.241862237,0.512330383
3455500,-0.328363419,0.107971966,-0.09964478,-0.011253119,-0.103997111,-0.484524727,0.041797519
3456500,-0.132149577,0.671424508,0.137820542,0.502234906,0.326534688,0.294055045,0.487247169
3460000,0.197951913,0.68969658,0.261663377,0.519929111,0.689148515,0.591826826,0.211742759
3463300,0.210608661,0.534677625,0.161319494,0.596063823,0.457790554,0.4628793,0.627539277
3471500,-56.16610336,-13.08160019,-15.19853973,-10.22704029,-1.75789547,-16.68639755,-4.129150867
3473000,-0.283531785,0.221897781,-0.024528623,0.142953336,-0.000410438,-0.028626323,-0.018688679
3479000,0.259306192,0.444355607,0.320417643,0.609984487,0.557464004,0.584774524,0.654621392
3488000,-6.24868536,-0.372449875,-1.1844244,-0.335023761,0.630156279,-0.554841042,-0.108309269
3498500,-0.383093357,0.164055109,0.214990497,0.432669759,0.385707796,0.394826353,0.396838725
3500000,0.259069383,0.72239849,0.223258734,0.646292239,0.60388872,0.74732849,0.762879461
3504000,0.449959219,0.83112815,0.41801089,0.638473302,0.584367603,0.611605138,0.682254881
3574500,0.00495553,0.7498568,0.295302391,0.751330033,0.898896769,0.626945615,0.639442116
3592718,0.017088592,0.225080371,-0.038577318,0.28344959,0.172052383,0.07037729,0.346510351
3604000,-6.971158028,-1.59844923,-0.962585449,-10.37956905,-0.097968102,-6.437327862,-1.404190779
4015330,0.021488905,0.443497181,0.032443523,0.554631084,0.331822038,0.5712955,0.469955027
4024430,-2.685300827,0.125636399,-0.38282907,-3.514258385,0.651065379,-1.492408752,0.009604752
4027000,-3.422749996,-0.958421469,-0.30353713,-2.984462738,0.172552764,-1.340636492,-1.026066542
4040500,0.523521662,0.678206593,0.700357199,0.898807563,0.944228821,0.873142108,0.867913917
4043050,-0.392764091,0.767125204,0.540650755,0.149018407,0.851359054,0.703278124,0.725990057
4045500,-1.28183341,-1.026361942,0.772977844,-3.308876991,0.956374209,-0.020036221,-0.271844745
4057510,-0.017521381,0.276396215,0.728509486,0.339599967,0.967108347,0.605253816,0.687158287
4057800,0.667584002,0.916637793,0.802173018,0.951252215,0.980346913,0.94031658,0.922934324
4059500,0.282844543,0.802790493,0.724086463,0.694224924,0.957096592,0.786205366,0.812695578
4063700,0.679863036,0.879589759,0.762744114,0.903716184,0.925404288,0.903795786,0.834267721
4074950,-2.912233829,-3.573417664,0.124473989,-2.658257723,0.776728883,-0.610491753,-0.577023029
4105700,-0.262181401,-6.051187515,0.408511639,-6.407057285,0.775847152,0.316478491,-0.200894594
4115265,-0.921000719,-0.363919258,0.296691,-2.387229443,0.853081211,0.592434883,0.217698574
4122200,-2.029003143,-1.156880617,0.597772479,-5.229536057,0.95800323,-0.545044899,-0.790697575
4122500,-3.855912209,-2.551259995,0.781040579,-2.538967848,0.977104843,-0.759963274,-0.405325413
4127997,-1.962789536,-4.451457024,-0.034372211,-4.482185364,0.600610107,-0.928897262,-0.712584734
4185000,-0.700988531,0.637317926,0.251937032,-0.355644107,0.852422342,0.374108911,0.532038063
4196800,-429.8924561,-26.32390213,-63.15090179,-42.42632675,-1.262233734,-61.14306641,-56.92139816
4197100,-0.039978862,0.554794401,0.11396879,0.380577624,0.631966799,0.303101063,0.349160254
4197170,0.111785352,0.537441075,0.227680624,0.466587842,0.458410084,0.323304832,0.488443077
4213000,-0.030072212,0.669813305,0.298984289,0.701301396,0.712782651,0.619445831,0.682941884
4213075,-2.220724106,0.172478735,-0.134859085,-0.21912837,-0.171708822,-0.416607738,-0.029663682
4216418,0.061840117,0.536222547,0.30082655,0.529321283,0.586968094,0.442039609,0.563782513
4221000,0.158844829,0.548085362,0.51671496,0.672512591,0.683622479,0.574874759,0.587304205
4224775,-0.049913049,0.529779345,0.254971206,0.514092386,0.515289336,0.393065631,0.530867755
4256000,0.124532878,0.719405413,0.281091869,0.778815761,0.816731706,0.652343214,0.680267513
4296000,-0.13324213,0.667402685,0.252813458,0.776466534,0.668050528,0.702255279,0.743777186
5057200,-38.49979019,-13.50792027,-18.99635696,-8.67591095,-0.224681497,-26.58955002,-10.66446972
5120500,-1.256098747,0.002338827,-0.318346262,0.266049027,0.601643384,-0.283266306,0.128660738
5291000,0.208941281,0.450186431,0.315279722,0.611119837,0.691333473,0.522866338,0.649716228
5362000,-2.049877405,-0.473324537,-0.567961216,-0.741529703,0.717257589,-0.076316118,-0.03226769
5393500,-8.173489571,-2.879101515,-3.183296204,-3.0748353,0.85432303,-2.256544113,-1.715803385
5399500,-45.05073929,-8.129715919,-7.182841301,-19.25683403,0.085034907,-26.85790443,-13.78654766
5408000,-9.643340111,-0.877414942,-0.144109845,-1.397390604,0.195464969,-1.342012644,-0.8901335
5413500,-8.805258751,-2.581921816,-0.683695197,-9.897745132,0.761350065,-4.856282711,-4.95779562
5414000,-3.487309456,-1.363858938,0.116133153,-5.259992123,0.789805427,-2.612831593,-1.751436949
5444000,-0.862892389,0.411690891,-0.029796124,0.211359203,0.42066139,0.194781184,-0.389200091
5454000,-0.261708379,0.365980148,-0.079699159,0.187143564,0.124622941,-0.049188733,-0.050744891
5458000,0.015614331,0.678927928,0.446752369,0.577598125,0.884292617,0.729765981,0.676514983
5466500,0.647789061,0.882826328,0.671228141,0.751665577,0.882802345,0.800267845,-0.347953439
5487980,0.065608919,0.712230861,0.200416505,0.668312132,0.649779141,0.619163007,0.645278364
5488200,0.378379643,0.758703992,0.287894428,0.768649966,0.636441886,0.77046217,0.76196143
5489000,-0.46812427,0.347160995,-0.016493797,0.436309338,0.410433173,0.314326286,0.352760732
5495000,-11.32780743,-4.004395962,-4.681179523,-13.82882023,0.502247542,-7.509554863,-6.934430122
5495500,-0.172299504,0.330487549,-0.051366687,0.422496021,0.214325666,0.268020511,0.363711715
5501000,0.070954561,0.449097753,0.047890007,0.615209937,0.456011236,0.521011859,0.594760537
5503800,0.48195827,0.79216814,0.101127982,0.562852502,0.514139593,0.522841305,0.598526359
5507600,-547.8163452,-166.1361694,-236.8856201,-498.203949,-1.823519707,-496.8909912,-328.3589172
5508805,-4.404656887,-0.462340474,-0.817163825,-1.552102327,0.240176022,-0.820308447,-0.164468765
5525500,0.164287448,0.683508605,0.291981876,0.855949938,0.837072775,0.796640918,0.743082941
5556500,-13.92774868,-11.49461269,-2.698975325,-26.58435059,0.629936576,-8.901782036,-8.082388878
5584500,-6.796089172,-0.551950932,-0.569595456,-3.236670017,-0.012615919,-2.630126476,-2.204752445
5591550,0.121484399,0.459825993,0.120794058,0.565066278,0.438928545,0.427524686,0.520901412
5592050,-0.479970813,0.370940745,0.127377093,0.343690515,0.503356695,0.376727343,0.31489563
5592575,-0.18632257,0.356589675,-0.126717687,0.337937713,0.152513683,0.082316041,0.323738515
5593575,0.072755098,-0.325169683,0.046036363,0.387594998,0.445286334,0.531959027,0.330504954
5593900,-0.290784836,0.33905524,-0.054058433,0.278871953,0.233253658,0.251948476,0.102487445
5595730,0.202192664,0.857165292,-0.093716979,0.508374274,0.445743561,0.350876212,0.627606273
6221400,-25.99171066,-0.579234362,-3.838785172,-3.328935146,0.768853709,-2.026918411,-1.416040659
6224000,-30.84309959,-0.680883646,-5.39400816,-3.959665298,0.723815978,-0.532437801,-1.926981688
6278300,-0.332256556,0.440479994,0.115193963,0.436537325,0.43840605,0.336622775,0.248550713
6280300,-17.77978897,-4.140514851,-3.885250568,-7.360161781,0.654227644,-2.903954983,-2.176281929
6289000,-10.77610111,-1.555813551,-1.593445778,-1.440293074,0.819976732,-0.701203108,-0.757598996
6311000,-20.71554565,-0.584107399,-8.902171135,-4.007727623,0.454898179,-2.309266329,-3.981445313
6332515,-1.545295715,0.065525353,-0.799890041,-0.274846792,0.627761185,-0.020679355,-0.009178638
6339100,-21.08751678,-2.789652824,-11.69583893,-2.580890656,0.303364813,-3.966172218,-3.619501114
6344600,-1.952624321,-0.014090538,-0.480184436,-0.163425684,0.119351625,-0.128150225,-0.865603089
6350000,-3051.555664,-316.6103821,-1201.701904,-391.2904968,0.883443289,-415.3625183,-642.4307861
6352000,-295.7721863,-105.5775528,-1.255975008,-131.0323029,0.127904415,-149.6026154,-116.7065048
6404000,0.362582922,0.706293821,0.593043268,0.509149164,0.645110369,0.601607233,0.452301919
6406000,-1319.146973,-375.6710815,-469.8684692,-201.4777679,0.3238765,-556.5888062,-425.7396545
6409000,-253.2742157,-21.83996773,-116.3290253,-38.44826889,-0.361911654,-67.44787598,-70.99227905
6431500,-289.6494751,-60.44955826,-50.97498322,-25.21206856,-0.221527696,-45.15165329,-59.3037529
6440200,-400.9299316,-40.11669159,-150.6098633,-21.86584854,0.04420197,-127.067215,-71.3086853
6447500,-67.19766235,-15.90211296,-23.54293633,-12.33271885,0.089266598,-24.07174683,-21.50590515
6470800,-4.539626122,-1.660210609,-4.424887657,-2.227721214,0.933697388,-3.083420277,-1.913810492
6477500,-0.785464764,0.381837726,-0.388544559,-0.197075725,0.581633091,0.118257344,0.221984267
6479215,-0.594695568,0.247872114,-0.306385636,-0.405429363,0.533175409,0.004899263,-0.162459373
6601000,-26.24499702,-15.26275063,-12.4645052,-18.6471405,0.453872025,-14.31631374,-15.16957474
6614800,-74.37014771,-8.147562027,-16.59388542,-27.92564774,0.765154034,-9.543834686,-15.71672058
6622700,-153.263031,-9.28291893,-35.84062576,-42.77720261,-0.488501668,-18.70192337,-20.60687447
6623800,-5.223139286,0.394926012,-0.362989306,-0.271918535,0.753634289,0.440635443,-0.078197002
6632400,0.559197128,0.844691083,0.75987877,0.76192762,0.821162894,0.792343214,0.835848615
6746095,0.50010249,0.803416073,0.72284922,0.778000563,0.792360589,0.785123661,0.6971775
6803510,-133.1231537,-18.08843803,-36.19775772,-34.1897583,-0.000294685,-36.60348511,-38.52828217
6803530,-48.2054863,-6.607980251,-19.47436523,-14.4012537,0.028453887,-17.13546753,-20.22795486
6814000,-5.767036915,-1.473400831,-2.348814011,-2.255391836,0.337992191,-4.427244663,-2.238733292
6847900,-94358.98438,-11715.41504,-48987.5625,-8769.874023,-2.581379652,-23044.23047,-19440.05273
6853800,-23426.66797,-6864.84082,-9251.486328,-8785.797852,0.589292347,-13175.83984,-8550.871094
6876700,-27141.72852,-6817.874512,-11690.09375,-8324.117188,0.512062579,-15199.77344,-10421.35547
6878000,-4.501904964,-1.210441589,-2.177845478,-2.793987513,0.003584683,-3.879458427,-2.099143982
6879650,-0.471883416,-0.079381824,-0.339354873,-0.314499497,-0.108335733,-2.150312185,-0.311974406
6885500,-1.214809418,-0.194934726,-0.661192179,-0.1499511,0.477801144,-0.262988448,-0.107857227
6888500,-0.213245273,0.370843291,0.143981755,0.367357254,0.118188322,0.208244324,0.209991753
6889200,-2.558803797,-3.551746845,-0.853113174,-1.171540976,0.494583905,-1.38117671,-0.529067159
6889500,-237.6752319,-72.89916229,-89.41754913,-151.9182739,0.241079986,-127.7724609,-138.1363525
6892000,-6.176533699,-7.391370773,-1.981905222,-4.103470802,0.797680125,-2.496626377,-1.927497149
6903400,0.183646679,0.852740943,0.496000767,0.870799929,0.795419872,0.800623775,0.834923446
6906800,-0.471629739,0.110851228,0.132042527,-0.039075494,0.547551364,0.301389635,0.068282902
6910800,-1.30E+28,-4.05E+27,-3.76E+27,-6.51E+27,-3.53E+26,-1.27E+28,-4.20E+27
6911900,-374091.25,-159870.2813,-156091.5313,-438457.625,-5.37595892,-262278.2188,-235346.7188
6917000,-333.7366943,-281.4623108,-105.1577377,-299.4971619,0.659005076,-219.2782593,-188.4798737
6918460,-22.31161499,-21.79793739,-6.693446636,-29.8549366,0.904259808,-31.3747406,-11.03997326
6919500,-106.8101501,-51.53669739,-22.3870697,-39.98040009,0.680925816,-63.25422668,-22.05456161
6921070,-382.7999878,-44.67761612,-129.4193115,-47.8586998,0.160967827,-132.4546509,-105.9827881
6921200,-1.538985014,0.211214662,-0.208487153,-0.299952149,0.274813235,0.00631988,0.031375289
7057500,-3.192905426,-4.547814846,0.370696723,-7.897139549,0.885659941,-3.312337875,-2.203301907
7060710,-7.971790314,-2.828866959,-1.988827705,-23.02276802,0.386477888,-3.510894299,-3.167585373
7066000,-0.038804531,0.669872552,0.280695975,0.576445967,0.672827661,0.567145944,0.539158851
7083000,0.645303786,0.850146607,0.745066017,0.813596323,0.81558089,0.817572072,0.856746241
7142300,-17739.13281,-3336.174072,-4287.496094,-3353.505371,-1834.604614,-9856.1875,-7722.884277
7145700,-0.053298116,0.460008204,0.110030532,0.627351612,0.636783868,0.431536555,0.497444928
7167500,-0.365862966,0.159892797,-0.325347304,0.16067487,0.146392226,-0.209330797,-0.007324338
7180500,-281.5415649,-267.059082,-104.0737915,-310.1019287,0.466301203,-166.664032,-192.6501617
7184000,-152.4774628,-145.9459686,-24.36307907,-172.7058258,0.121645868,-59.90099335,-73.42253113
7195800,-1.356389046,-0.166459203,0.193729579,-2.196774483,0.399184227,-0.291355252,-0.394641042
7196900,-0.824884772,-0.06008637,0.056070268,-0.176437497,0.169614196,-0.140480638,-0.147851229
7197000,0.43103236,0.751648858,0.440483928,0.710755438,0.65555039,0.746512532,0.708940595
7208500,-60.76429749,-1.182637215,-7.221585274,-3.875880241,-0.465543032,-6.891329765,-3.810687542
7261000,0.213210821,0.609906793,0.254571199,0.698063046,0.740557283,0.644745708,0.722083271
7263295,0.212124527,0.449746311,0.23807013,0.625542194,0.473461628,0.47380811,0.36521095
7291000,0.13494426,0.299200118,0.002568722,0.362699986,0.356734633,0.447118044,0.286716819
7299670,-1140.925049,-311.8896179,-538.557312,-105.4527054,0.119066179,-452.6211853,-358.7884827
7301410,-347.4328003,-64.31240082,-142.0354919,-159.8049927,0.588249922,-63.51100159,-96.47793579
7315200,-1345404.375,-387164.5313,-559080.8125,-246480.1406,-36.2532196,-1207147.5,-521231.0625
7315700,-0.501142025,0.557635665,0.322919786,-0.655377984,0.846124291,0.171208799,0.420933008
7335700,-0.067151546,0.31055367,0.021621406,0.341370583,0.237523556,0.238481343,0.436960578
7340300,-0.050822496,0.254135489,-0.06739223,0.244557619,-0.019779563,0.138789713,0.196210802
7346045,-17.76055527,-3.399793625,-4.934837341,-7.416789055,-13.66442871,-105.5250015,-4.360538006
7359610,0.102498889,0.528834552,0.097741365,0.51127857,0.32208848,0.370698929,0.492964447
7362100,-0.936501622,0.6710141,0.251496553,-4.38641119,0.849815145,0.216618419,0.54695043
7362587,-0.015088797,0.265872061,0.032509327,0.379727423,0.250450313,0.200755417,0.22150594
7375000,-2.255317211,0.398118496,0.110797882,-0.505729318,0.77088061,0.01997155,0.252144098
8013000,-0.069068313,0.471166015,0.605959386,-0.969531536,0.89487993,0.400187612,0.607849568
8014500,-1.505121946,0.519674629,0.387499392,-1.701339006,0.883905724,-0.169333935,0.026790738
8023080,-0.075027823,0.76947923,0.25539732,0.559370756,0.824441493,0.54115364,0.676804453
8050800,-73.10145569,-5.67007637,-15.43159866,-12.84108162,-0.276578665,-36.80381393,-12.14167023
8066200,-3.080345631,-0.37708354,-0.377284408,-2.823766232,0.268086791,-1.117054224,-0.816779017
8066300,0.172865331,0.755300283,0.433077097,0.654200435,0.772145182,0.701489389,0.663877726
8070000,-1.229502439,0.237278819,-0.067335963,-2.352567911,0.79515487,-0.339707375,-0.128148437
8070200,-6.551846981,-0.397549391,-1.717711926,-10.73935509,0.627364218,-2.027828932,-1.863482714
8082700,-65.11839294,-15.49871445,-33.37719727,-62.99433517,0.564270645,-25.79075623,-32.00114822
8086212,-3926.111328,-216.2065582,-882.1952515,-795.3619385,0.589707643,-543.2039795,-505.3670654
8086290,-23758.49609,-5704.592285,-15233.46582,-11815.65625,-0.577605844,-10284.63086,-9783.536133
8101000,-23416.13672,-7041.309082,-21877.58984,-11544.15332,-0.687093139,-12868.33496,-12500.62402
8103900,-1.360710144,-0.010981679,-0.429240346,-0.160770774,-0.139061093,-0.628588915,-0.128687382
8104900,-164750.4063,-34703.73438,-113416.8047,-59584.78516,-55.57198715,-53923.70313,-76761.71094
8109700,-1747.599609,-365.9959717,-1180.40564,-525.8723145,0.797991782,-469.9386902,-903.9412231
8150800,-19.15558243,-2.893522978,-7.770400047,-7.562478065,-0.00377655,-10.86666203,-8.743311882
8158700,-3.185184479,-0.141284108,-0.712484598,-1.67183423,0.035893738,-0.950692415,-1.348847866
8158810,-178.0664825,-72.61549377,-113.3074799,-79.04414368,-0.029227018,-143.6222382,-94.32937622
8164300,-0.151762128,0.185210645,-0.068332911,0.609491676,0.496649623,0.383700371,0.515631527
8164600,0.276117206,0.506766081,0.076079071,0.686411023,0.591439456,0.607388675,0.798597664
8165300,-633.5896606,-182.4347839,-275.9953918,-348.1856995,-2.686338425,-284.9413757,-317.3425903
8171300,-6.656606197,-3.342055798,-0.799216747,-5.274896145,0.425003767,-2.546802044,-4.701075554
8175000,-0.202565074,-0.112371683,-0.285852909,-0.163010836,-0.077778578,-0.08793056,-0.164425492
8176900,-374.6191406,-147.2412415,-111.9429398,-294.260498,-45.66286087,-343.5664063,-275.2323303
8178880,-22.91249847,-19.80102539,-5.538168907,-27.26498222,0.501338929,-11.25381756,-10.93051338
8189500,-0.128606677,0.577880561,0.195120752,0.28292805,0.822509825,0.443158507,0.646468103
8190000,-421.688324,-237.5002747,-170.1771545,-132.9574127,-1.83137536,-179.412384,-251.9461365
8190500,-2660478.25,-263423.9688,-600496.1875,-153335.3281,-221.8527069,-337803.9063,-377637.875
8194200,-26.160923,-4.416609287,-15.18004417,-12.2670927,0.130226612,-22.80027199,-11.15948772
8195000,-113.9232483,-122.4700775,-35.95963669,-105.0588455,0.267364383,-101.4336624,-71.0690155
8196000,-303.6860046,-46.85261536,-58.25351334,-39.26883698,0.68132472,-52.25009155,-60.93153
8198500,-2683.531738,-610.0129395,-468.9978333,-981.0171509,-0.163619757,-1042.991333,-921.4502563
8200000,-4.498497009,-5.235672474,-0.880318284,-8.168662071,-0.08126235,-4.346474171,-3.998412609
8202700,-402.7773438,-53.31316376,-71.04368591,-59.01316833,-0.338471293,-116.5653992,-123.9564667
8267500,-3.365561485,0.59041813,0.199623406,0.436346173,0.736569911,0.306678534,0.345445096
8269000,-3.761802673,-1.082065582,-1.160077095,-0.949549675,-0.102937698,-1.07523632,-0.463485956
8271000,0.396272182,0.787665278,0.439675927,0.821295604,0.859830096,0.43596679,0.710572422
8324000,-557.3565063,-37.62114716,-128.7308655,-80.79155731,-10.02216434,-360.6186829,-90.6400528
8377900,-89.64418793,-5.138351917,-39.37266922,-11.14029503,0.391038418,-13.91852379,-12.93656921
8378500,-16.89641953,-0.657431245,-7.972799301,-3.898808479,0.393268466,-2.665225506,-3.576386452
8380500,0.114703476,0.851489514,0.495872259,0.780936196,0.93278259,0.761307374,0.659540534
9035900,-0.840602994,0.671258986,0.35031569,0.543544859,0.853079632,0.773674354,0.69955194
9047700,-0.136125922,0.01880753,0.039476037,0.017711163,0.049699962,0.031249583,0.048880816
9065500,0.726479292,0.913523212,0.859603062,0.914921768,0.860215366,0.821274802,0.902383409
9066000,-0.470221639,0.293258965,0.156722248,0.141439974,0.342087746,0.244025648,0.249872804
9066200,0.647707552,0.88225013,0.852533206,0.877480127,0.86283648,0.849041358,0.892570078
9066300,0.442303061,0.917104274,0.856500089,0.898256712,0.918784477,0.852565378,0.891588144
9081600,-0.100088,0.721699536,0.490373492,0.57384041,0.751802549,0.734473854,0.644801497
9107000,-0.088239431,0.884320892,0.857223392,0.866630331,0.899976932,0.862012461,0.874504179
9210500,-24.49900055,-5.18224144,-15.41589928,-5.241240025,-0.283173203,-5.382325172,-6.784546852
9223000,-2.882009029,0.551149786,-2.432052612,0.274252713,0.9729193,0.507995754,-0.012689948
9306242,-375.4621582,-62.37310791,-215.1556702,-119.0566483,-0.057943702,-61.88040161,-160.2357941
9312600,-6.178529739,-0.971546412,-5.148865223,-2.381777048,0.386132538,-1.214668512,-2.271373987
9352900,-3.752866745,-0.204274893,-0.121143341,-0.441848516,0.552407354,0.164042234,0.196612537
9378170,-0.733432651,0.74706161,0.550879657,0.614300847,0.764742583,0.713033617,0.511131138
9386900,-45.76835251,-3.542855263,-15.00645447,-3.487305164,-0.37165916,-5.362861156,-4.400430679
9404450,-22.71330833,-2.079407215,-7.638288498,-2.250923395,0.681829691,-6.511584759,-5.323600292
9430600,-0.724328399,0.430716276,-0.591361165,0.429675698,0.643619776,0.32152003,0.352008164
9447800,-25.37039185,-4.634586334,-18.63970375,-4.477703094,-0.093418479,-12.6489687,-8.987876892
9484600,-50.23495483,-8.247254372,-12.21112728,-10.69272995,0.002183199,-16.2927742,-15.05189133
9492400,-9.052414894,-1.781962395,-0.914340258,-2.46350503,-0.161497593,-1.632766962,-1.934458733
9494000,-1.679628611,0.349639058,0.066791654,0.601278841,0.77523905,0.517394185,0.260329962
9497980,-0.542470694,-0.777112961,-0.226779699,0.041233718,0.205273449,0.198058844,-0.305410624
9505350,-3235.51709,-317.9025574,-1854.236206,-572.5003662,-0.16002059,-998.3757324,-1703.411255
9505800,-2758.274414,-352.5947571,-1872.874268,-497.9442444,-0.339524388,-824.6935425,-1510.197021
9508300,-0.140782833,0.364255309,0.160652578,0.47218132,0.345864356,0.396922529,0.447880805
9510200,-129253015,-12190792,-89508591,-11407649,-18116.21484,-26808461,-47238575
9512280,-1833.319458,-866.1325073,-1985.913086,-656.869873,-0.213494182,-1913.598877,-680.8001709
9513780,-418.2065125,-196.9037323,-111.5782623,-142.2954712,-0.002749681,-376.1235352,-165.3677673
10234500,-26.19383812,-3.038982868,-11.48324585,-4.326181889,0.129640937,-4.231044769,-7.383669853
10244950,-561.965332,-183.1603241,-375.8233643,-200.0891113,0.319642961,-107.5384064,-220.0690308
10259000,-250.3063965,-82.33374786,-116.2521896,-52.26768112,0.38293916,-154.1838226,-46.07598495
10336645,0.482893527,0.844586581,0.563976318,0.836199984,0.783687592,0.757069886,0.815136611
10336660,0.174080372,0.442560434,0.210443199,0.462146282,0.308900714,0.4326424,0.477219462
10343500,-13.04972935,-1.852639675,-3.372762203,-3.951756001,-2.042928219,-7.224219322,-2.71576643
11124500,-2831.35376,-782.5529785,-1440.976929,-522.9257202,-4.558513641,-1951.650635,-900.4972534
11141280,-363.5780334,-145.3396912,-291.3826904,-121.9563065,0.321525753,-237.7118683,-101.332489
11143000,-1.403484821,0.011025548,-0.34698081,-1.282097578,0.072443604,0.033037484,-0.332229614
11148900,-15.41903496,-0.654572248,-7.859895706,-2.387592316,0.084426522,-3.063806057,-2.809475899
11151300,-36013.49609,-10075.66992,-43557.94922,-15539.38086,-1.116230249,-27296.93555,-12445.29785
11176400,-1372.879272,-228.1944885,-826.4126587,-218.6059875,0.577493519,-432.1939697,-228.2135925
11264500,-4.608223915,0.277680874,-0.312591791,0.304785371,0.792797759,0.264579535,0.424712718
11266500,-3.877957344,0.322096407,-1.379981518,0.239658058,0.804024935,0.109964252,0.300107241
11284400,-28.24945259,-4.557116508,-10.98193264,-40.39340591,0.019599497,-21.28053665,-11.97665977
11381500,-0.357617736,0.005077124,-0.023022056,-1.138617516,0.178981006,0.03144002,-0.773404002
11451100,-1.327394485,0.305352926,-0.117744207,0.198543251,0.26351732,-0.007093787,0.256800592
11468500,0.067140162,0.732750803,0.149096489,0.75955452,0.591585517,0.604822516,0.690970689
11473900,-1407.731079,-123.9489136,-277.8032532,-131.4912415,-59.0247345,-289.7993164,-153.1699371
11475560,0.476081669,0.879733235,0.455542326,0.883397512,0.712414294,0.921702467,0.656481177
11476600,0.584027112,0.778319076,0.598192602,0.828050599,0.77267845,0.641959727,0.708722174
11478500,-1.336860418,0.284607112,-0.115770221,0.624139518,0.503308564,-0.463608265,0.532837033
11480390,0.426330626,0.70166418,0.384414673,0.690573841,0.636482418,0.601293653,0.542715847
11481200,0.245747089,0.597099304,0.1955024,0.595764458,0.492236316,0.530396193,0.585707277
11482500,-10.60280991,-0.718093038,-2.865849257,-7.751111031,-0.507768035,-0.777157426,-0.925116539
11522500,0.27360636,0.672772557,0.232423544,0.701154977,0.673632145,0.733212411,0.409192026
11523200,-0.104801297,0.376206934,0.034590662,0.371492207,0.241881192,-0.016224504,0.348850846
11528700,0.14880836,-1.977326393,0.180624664,-0.583323836,0.627786696,0.113345206,-1.144294024
11532500,-0.587094665,0.568977356,0.421373725,-1.799074888,0.730700046,0.666316211,0.582183063
12010000,0.622286499,0.888930894,0.580241054,0.839919373,0.762679547,0.828565031,0.858248711
12013500,-0.104855657,0.567183673,0.464369416,0.420496583,0.656644911,0.242580473,0.398202896
12020000,0.481242716,0.747501671,0.54477185,0.749173552,0.767984331,0.675856322,0.729990333
12025700,0.564806074,0.721843958,0.539420664,0.780111358,0.740886658,0.68184498,0.682264656
12035000,0.646817178,0.882103115,0.568031132,0.814039022,0.84969528,0.725854784,0.808891356
12040500,-0.517822504,0.139604986,0.204460919,-1.087253094,0.46385181,0.013605714,-0.131019831
12041200,0.430072308,0.588530391,0.277299643,0.611558765,0.661229223,0.455553174,0.560411006
12048000,0.409063399,0.67942521,0.27931422,0.7173118,0.695811391,0.666430295,0.473359048
12054000,0.406165779,0.807294086,0.278425038,0.799489141,0.647702098,0.728521705,0.799501523
12056500,0.551953673,0.638876289,0.346537769,0.592632562,0.520464659,0.513650715,0.548593879
12073500,0.200559556,0.574881464,0.097263873,0.773275211,0.516929686,0.729696006,0.776550069
12082500,0.022473574,0.597459257,0.290192723,0.782305464,0.666945159,0.687053293,0.718869776
12092000,-0.121980309,0.344218373,0.193665743,0.458971381,0.583784819,0.470338166,-0.064623237
12114500,0.291467309,0.757107452,0.393957078,0.798629105,0.655393928,0.644342691,0.708177984
12115000,0.362962246,0.706391156,0.318184257,0.804080158,0.662363321,0.728442371,0.659954071
12117000,0.463660836,0.750633046,0.407489836,0.841909364,0.484174848,0.756597579,0.630848259
12143600,0.298190355,0.719357938,0.198959827,0.770707384,0.669297993,0.666808903,0.785284355
12144000,0.25894475,0.665763408,0.117376745,0.727443576,0.43083936,0.573134631,0.54968515
12145500,-0.745094419,0.626595736,0.357595742,0.60781154,0.662612855,0.34880048,0.666982204
12147500,0.243649721,0.376309514,0.050327778,0.554092884,0.454302192,0.392283797,0.558393627
12167000,0.501623183,0.67015928,0.293249547,0.700816214,0.653063953,0.595935792,0.703621775
12175500,-0.35649097,0.456936121,0.103680968,0.413157761,0.370902121,0.368032575,0.349907637
12178100,0.342279911,0.730714798,0.216201127,0.711029351,0.565128535,0.608805329,0.778310746
12186000,0.437776864,0.903909422,0.473136842,0.888109997,0.916552603,0.861578703,0.878715768
12189500,0.383490562,0.935127959,0.316622555,0.895045958,0.756813437,0.734959126,0.914698705
12375900,-82.45322418,-20.48002434,-6.38356781,-39.34890366,-1.951958418,-29.14497375,-78.46579742
12377150,-7.023034096,-0.338181615,0.752778351,-0.626837492,0.918578774,-1.457506418,-0.469189763
12381400,-14.29213524,0.246975601,-1.372678757,-0.607875586,0.872779205,-1.210350275,-2.202564716
12390700,-94.92595673,-10.82629967,-10.10052109,-13.99507618,0.726062715,-10.92199039,-17.98748589
12411000,0.664693683,0.87432456,0.637672991,0.835082471,0.923860796,0.746395528,0.840613469
12447390,-5.084857941,-0.529602528,-0.431824684,-0.29194808,-0.157572627,-0.838474512,-0.851463318
12451000,0.560418785,0.909395106,0.595574588,0.905605577,0.908348843,0.887436144,0.861480996
12488500,0.216532707,0.781611949,0.515841305,0.812714979,0.7929295,0.593595654,0.627496481
13011500,0.734158456,0.910480902,0.845975772,0.885504708,0.912584633,0.898117341,0.903889149
13011900,0.537874758,0.917324103,0.911444627,0.912802383,0.923212886,0.86746344,0.929640926
13018300,-85.1656189,-5.657660007,-13.09875298,-18.01929283,0.747938335,-10.02807236,-11.26510048
13023000,0.67590946,0.876927048,0.817946151,0.86683479,0.883200273,0.875549778,0.840074018
13161500,-2.163644314,-0.351561189,-0.537605047,-0.350019097,-0.050198436,-0.468518376,-0.578018904
13235000,0.237320423,0.804648161,0.736426413,0.837685972,0.851038888,0.800316751,0.786055073
13240000,0.521118045,0.840204865,0.726658225,0.845566511,0.874293625,0.796612918,0.845010832
13313000,-56.29349518,-15.84581566,-26.283144,-15.84438705,-0.082955956,-8.206668854,-15.84784508
13331500,-23.5845871,-0.520695686,-0.523697972,-1.342163563,0.517222464,-2.514432192,-3.674271584
14020000,0.084347188,0.836354822,0.446423292,0.821446612,0.831143856,0.681479812,0.816982418
14096850,-24.19630814,-13.90430546,-4.986736774,-3.526093483,-0.074913263,-9.470593452,-5.104650021
14137000,0.258615911,0.586251587,0.592043459,0.505127311,0.72341755,0.547806561,0.544016361
14138800,0.539333582,0.860690489,0.515838683,0.789888531,0.688182741,0.738419771,0.800470233
14138870,0.535169363,0.773141235,0.561787486,0.670044392,0.62053895,0.538013607,0.651428729
14138900,0.498477995,0.710323513,0.412730575,0.809626162,0.687715292,0.759628102,0.750527129
14139800,0.071020782,0.786778629,0.453244686,0.869262218,0.781531692,0.765047267,0.752043352
14141500,0.330682635,0.036392808,0.516210347,0.294872344,0.486785352,0.301420569,-0.100470066
14154500,-0.516968012,-2.296063423,0.157883108,0.368093133,-0.02186048,-0.441333771,0.077204108
14158790,0.615811676,0.65010196,0.673860282,0.652911007,0.810146034,0.723742843,0.789016768
14166500,-0.323327422,-1.229134321,0.148265004,-1.038990736,0.611443192,-0.395153046,0.400236905
14182500,0.565656632,0.832325339,0.559900284,0.734026879,0.721569985,0.728119582,0.736933082
14185000,0.482174098,0.877046548,0.637690723,0.797636777,0.813373595,0.837421566,0.843369603
14185900,0.341765344,0.593679607,0.456802607,0.761704519,0.666487187,0.726413846,0.762305364
14187000,0.056178272,0.674649358,0.546262443,0.452885091,0.662211955,0.598230749,0.734357595
14216500,0.57528469,0.870008513,0.597086698,0.882515974,0.891687408,0.92271293,0.91515252
14222500,0.248852313,0.669227451,0.265587807,0.820288673,0.608780146,0.71641627,0.763889626
14236200,0.637123793,0.792009935,0.586738288,0.836599261,0.78297475,0.782687113,0.780770615
14301000,-1.000767708,-0.584129095,0.367849886,-0.177498221,0.575051814,-0.246924996,-0.009512067
14303200,0.735404611,0.749595642,0.621487856,0.687300265,0.880311936,0.694322616,0.738938063
14305500,0.49168998,0.89372547,0.409056306,0.885174669,0.839880437,0.861958727,0.855181217
14306340,0.442384899,0.838845402,0.574455112,0.792282224,0.732866228,0.75270991,0.682658166
14306500,0.65361014,0.903960213,0.664577305,0.87986511,0.861415297,0.881633528,0.863721207
14308990,-91.73854828,-6.393850327,-23.51255798,-7.269685745,-1.529622078,-17.11180305,-7.881579399
14309500,-0.619606495,0.651073247,0.39373225,0.249471664,0.70488292,0.646540582,0.686551571
14316700,-1.467196465,0.586225241,-0.008943796,0.495231271,0.728127778,0.346987486,0.539345235
14325000,0.140803456,0.723982006,0.403583229,0.172657192,0.646309227,0.755502373,0.797487944
14362250,-7.234827042,-22.04219818,-0.944514513,-6.432629108,0.582576245,-2.082325697,-0.665040731
14400000,0.281154037,0.667421401,0.383944333,0.272836685,0.407329082,0.623408735,0.741425067
